22MCB0001,DAY SCHOLAR
22MCB0002,HOSTELLER
22MCB0003,HOSTELLER
22MCB0004,HOSTELLER
22MCB0005,HOSTELLER
22MCB0006,DAY SCHOLAR
22MCB0007,HOSTELLER
22MCB0008,HOSTELLER
22MCB0009,DAY SCHOLAR
22MCB0010,HOSTELLER
22MCB0011,HOSTELLER
22MCB0012,HOSTELLER
22MCB0013,DAY SCHOLAR
22MCB0014,HOSTELLER
22MCB0015,HOSTELLER
22MCB0016,HOSTELLER
22MCB0018,HOSTELLER
22MCB0019,DAY SCHOLAR
22MCB0020,HOSTELLER
22MCB0021,HOSTELLER
22MCB0022,HOSTELLER
22MCB0023,HOSTELLER
22MCB0024,DAY SCHOLAR
22MCB0025,DAY SCHOLAR
22MCB0027,HOSTELLER
22MCB0029,HOSTELLER
22MCB0030,HOSTELLER
22MCB0031,HOSTELLER
22MCB0032,HOSTELLER
22MCB0033,HOSTELLER
22MCB0034,HOSTELLER
22MCB0035,HOSTELLER
22MCB0036,HOSTELLER
22MCB0038,HOSTELLER
